id,first_name,last_name,email,gender,ip_address
1,Erena,Laffoley-Lane,elaffoleylane0@nytimes.com,Female,14.191.83.69
2,Katee,Dorian,kdorian1@homestead.com,Female,108.180.26.187
3,Oby,Coggins,ocoggins2@goo.gl,Male,44.81.111.34
4,Mychal,Wigginton,mwigginton3@buzzfeed.com,Male,237.67.235.236
5,Casar,Wincom,cwincom4@51.la,Male,166.217.194.112
6,Vernen,Downse,vdownse5@google.de,Male,89.203.202.73
7,Stu,Cottisford,scottisford6@nhs.uk,Non-binary,126.246.35.70
8,Forbes,Cutler,fcutler7@amazon.de,Male,63.80.208.109
9,Nananne,Hiscoe,nhiscoe8@usgs.gov,Female,140.100.21.250
10,Nollie,Chislett,nchislett9@spiegel.de,Male,170.199.207.8
11,Lacey,Klimov,lklimova@hugedomains.com,Female,133.115.213.104
12,Millie,Darrell,mdarrellb@51.la,Female,185.234.255.134
13,Martino,Toolan,mtoolanc@nationalgeographic.com,Male,1.244.81.11
14,Weidar,Riby,wribyd@ibm.com,Male,223.135.234.158
15,Teodoro,Debenham,tdebenhame@shop-pro.jp,Male,240.137.96.176
16,Fanchette,Ollander,follanderf@shareasale.com,Female,253.17.239.69
17,Malinda,Allwood,mallwoodg@census.gov,Female,193.171.228.104
18,Warren,Braikenridge,wbraikenridgeh@usatoday.com,Male,238.73.223.224
19,Sandra,Oda,sodai@bigcartel.com,Female,45.142.46.168
20,Hewie,Tire,htirej@constantcontact.com,Male,70.239.113.210
21,Kimbell,Megainey,kmegaineyk@wikispaces.com,Non-binary,62.86.167.222
22,Dud,Daenen,ddaenenl@globo.com,Male,61.63.22.120
23,Karlan,Jackson,kjacksonm@mapquest.com,Male,239.249.135.231
24,Mickey,De Luna,mdelunan@fda.gov,Male,247.217.68.181
25,Danna,Arminger,darmingero@woothemes.com,Female,7.25.160.52
26,Osmond,Edney,oedneyp@wikia.com,Non-binary,154.207.49.63
27,Karim,Draysey,kdrayseyq@youtube.com,Male,13.198.72.60
28,Hunfredo,Drayton,hdraytonr@telegraph.co.uk,Male,43.146.65.91
29,Gaile,Chadbourne,gchadbournes@noaa.gov,Agender,99.236.28.4
30,Darcee,Matteoli,dmatteolit@goodreads.com,Female,151.9.175.60
31,Priscella,Vassall,pvassallu@twitpic.com,Female,157.94.44.118
32,Berget,Spurling,bspurlingv@amazonaws.com,Female,194.64.60.24
33,Remington,Peppin,rpeppinw@who.int,Male,44.85.53.47
34,Salem,MacEntee,smacenteex@addthis.com,Male,195.119.146.173
35,Cloe,Higgonet,chiggonety@smugmug.com,Polygender,27.145.235.253
36,Danyelle,Westphalen,dwestphalenz@whitehouse.gov,Female,212.226.179.85
37,Reidar,Greener,rgreener10@blogs.com,Male,177.50.76.89
38,Elisabet,Rodder,erodder11@sfgate.com,Female,31.196.230.159
39,Sylvan,Longstreeth,slongstreeth12@umn.edu,Male,222.164.246.181
40,Leo,Leile,lleile13@engadget.com,Male,127.151.112.98
41,Mable,Ondracek,mondracek14@msu.edu,Female,104.31.60.61
42,Joni,Quadling,jquadling15@webs.com,Female,8.189.55.130
43,Baron,Lammert,blammert16@cpanel.net,Male,196.9.119.77
44,Jolene,Spens,jspens17@canalblog.com,Bigender,17.82.181.223
45,Alexander,Tremberth,atremberth18@chicagotribune.com,Male,54.189.152.123
46,Conn,Jacquest,cjacquest19@163.com,Bigender,240.88.198.29
47,Buddy,Jesper,bjesper1a@google.com,Male,68.39.216.211
48,Elisabet,Reams,ereams1b@ask.com,Female,209.178.107.176
49,Juliann,Kernermann,jkernermann1c@wufoo.com,Female,132.45.244.200
50,Pavel,Tinkham,ptinkham1d@g.co,Male,15.209.95.170
51,Win,Shale,wshale1e@berkeley.edu,Male,110.172.53.143
52,Juline,Roan,jroan1f@blogs.com,Agender,155.230.71.179
53,Alasteir,Ferencowicz,aferencowicz1g@godaddy.com,Male,238.152.17.239
54,Trevor,Gunn,tgunn1h@ft.com,Genderqueer,40.8.91.68
55,Humbert,Han,hhan1i@fda.gov,Male,34.53.135.24
56,Barnie,Attrie,battrie1j@hp.com,Male,27.150.147.93
57,Eziechiele,Garden,egarden1k@dedecms.com,Male,29.153.72.9
58,Meghan,Quilty,mquilty1l@macromedia.com,Female,239.46.202.167
59,Annabel,Solomon,asolomon1m@netvibes.com,Polygender,12.94.84.200
60,Bill,Beauchamp,bbeauchamp1n@shinystat.com,Male,143.189.187.220
61,Nico,Cardiff,ncardiff1o@spiegel.de,Male,31.245.12.226
62,Gerianne,Chalcot,gchalcot1p@who.int,Agender,118.198.115.68
63,Casie,Doxey,cdoxey1q@desdev.cn,Female,141.178.31.102
64,Naomi,Canadas,ncanadas1r@themeforest.net,Female,139.202.104.214
65,Pru,Kerner,pkerner1s@artisteer.com,Female,22.56.65.28
66,Carlos,Smidmore,csmidmore1t@livejournal.com,Male,22.176.12.124
67,Sheilah,Dunbavin,sdunbavin1u@ning.com,Agender,65.16.145.125
68,Otto,Langthorne,olangthorne1v@chronoengine.com,Male,159.57.80.48
69,Sallyanne,Maffeo,smaffeo1w@google.co.uk,Genderqueer,7.57.141.60
70,Corrie,Lecordier,clecordier1x@wired.com,Male,90.183.66.220
71,Mikey,Corser,mcorser1y@imgur.com,Male,252.213.90.147
72,Micky,Burnapp,mburnapp1z@blogtalkradio.com,Male,102.44.66.110
73,Marleah,Tordiffe,mtordiffe20@archive.org,Agender,162.169.66.80
74,Cayla,Drinkwater,cdrinkwater21@photobucket.com,Female,219.242.74.177
75,Neala,Charnock,ncharnock22@vk.com,Female,29.91.41.157
76,Juliana,Towson,jtowson23@barnesandnoble.com,Female,255.36.194.209
77,Fredek,Walkey,fwalkey24@tripod.com,Male,220.239.2.213
78,Jaclin,Merton,jmerton25@spotify.com,Female,120.154.154.22
79,Casi,Thorne,cthorne26@blogs.com,Female,37.169.114.12
80,Moise,Nassey,mnassey27@about.me,Non-binary,75.158.129.188
81,Dominique,Rudyard,drudyard28@jalbum.net,Genderqueer,193.254.11.248
82,Consolata,Yarmouth,cyarmouth29@twitter.com,Non-binary,254.150.98.231
83,Lurline,Bullas,lbullas2a@answers.com,Genderfluid,208.176.153.86
84,Tynan,Piccard,tpiccard2b@deliciousdays.com,Male,53.26.117.15
85,Herc,Latore,hlatore2c@google.pl,Male,86.213.109.77
86,Jemmy,Gellert,jgellert2d@adobe.com,Female,93.228.246.141
87,Ketty,Gooley,kgooley2e@wix.com,Female,150.178.131.229
88,Ferdie,Liddy,fliddy2f@adobe.com,Male,73.183.60.100
89,Giselle,Jakobsson,gjakobsson2g@spotify.com,Female,227.45.88.223
90,Montgomery,Kivlin,mkivlin2h@pbs.org,Male,148.131.192.160
91,Barnabas,Moroney,bmoroney2i@uiuc.edu,Male,205.143.162.45
92,Sherline,Ruvel,sruvel2j@feedburner.com,Female,241.87.79.87
93,Teddie,Farish,tfarish2k@yellowpages.com,Non-binary,41.81.53.189
94,Stanfield,Sebrook,ssebrook2l@answers.com,Male,73.156.172.69
95,Dene,Fordyce,dfordyce2m@canalblog.com,Polygender,17.134.18.228
96,Barbi,Ludlam,bludlam2n@pcworld.com,Female,32.163.110.233
97,Mason,Waterstone,mwaterstone2o@ted.com,Male,63.49.31.252
98,Stesha,Sivewright,ssivewright2p@auda.org.au,Bigender,74.61.192.52
99,Jillene,Valler,jvaller2q@wikispaces.com,Genderfluid,1.53.227.28
100,Fee,Emson,femson2r@jalbum.net,Male,78.133.95.51
1,Hobey,Diboll,hdiboll0@nytimes.com,Male,248.48.195.183
2,Abram,MacBean,amacbean1@vk.com,Male,174.138.100.128
3,Zsa zsa,Smurfitt,zsmurfitt2@dagondesign.com,Female,79.178.10.191
4,Heloise,Castagno,hcastagno3@t-online.de,Female,140.81.196.30
5,Kathryne,Leftbridge,kleftbridge4@sciencedaily.com,Genderfluid,84.32.154.209
6,Anny,Looby,alooby5@globo.com,Female,128.73.185.191
7,Evan,Corstan,ecorstan6@zimbio.com,Male,123.152.167.102
8,Lanny,Sorby,lsorby7@google.co.uk,Genderfluid,242.201.224.184
9,Silvanus,Cough,scough8@dion.ne.jp,Male,77.220.187.161
10,Analiese,Josephi,ajosephi9@google.pl,Female,206.62.244.31
11,Cassaundra,Corain,ccoraina@blog.com,Female,241.213.7.218
12,Quinta,Brydone,qbrydoneb@nyu.edu,Female,82.8.180.77
13,Hieronymus,Donson,hdonsonc@amazonaws.com,Male,96.35.63.135
14,Devin,Erley,derleyd@shop-pro.jp,Female,116.226.179.27
15,Joly,Fairey,jfaireye@theatlantic.com,Female,151.179.80.80
16,Alanah,Drewet,adrewetf@sfgate.com,Female,177.209.237.174
17,Saudra,Benois,sbenoisg@csmonitor.com,Female,210.179.47.106
18,Gabriela,Braunthal,gbraunthalh@scribd.com,Female,55.181.48.152
19,Reilly,Ikins,rikinsi@ihg.com,Non-binary,118.78.242.103
20,Dinny,Shalloe,dshalloej@boston.com,Polygender,116.43.127.228
21,Culver,Norridge,cnorridgek@mayoclinic.com,Male,128.247.182.131
22,Suzette,Stife,sstifel@xing.com,Female,199.207.148.75
23,Meredith,Turtle,mturtlem@howstuffworks.com,Male,194.86.194.171
24,Heidi,Murie,hmurien@ed.gov,Female,200.24.220.65
25,Artus,Diehn,adiehno@youtu.be,Male,222.90.177.28
26,Minnnie,Gilhouley,mgilhouleyp@360.cn,Genderfluid,147.160.190.137
27,Helli,Heersma,hheersmaq@twitpic.com,Female,54.87.164.20
28,Rex,Judge,rjudger@e-recht24.de,Male,226.118.151.200
29,Nevins,Shaxby,nshaxbys@nhs.uk,Male,225.173.213.125
30,Nonnah,Gair,ngairt@mysql.com,Female,223.124.127.56
31,Kellie,Curragh,kcurraghu@home.pl,Female,199.69.74.92
32,Maddy,Lebang,mlebangv@wp.com,Male,218.223.104.218
33,Kerianne,MacKean,kmackeanw@weebly.com,Female,100.137.17.219
34,Guthrey,Mangenet,gmangenetx@army.mil,Male,216.162.138.11
35,Marcelia,Bettley,mbettleyy@elegantthemes.com,Genderfluid,236.96.222.154
36,Donny,Grinishin,dgrinishinz@comsenz.com,Female,152.146.171.146
37,Claus,Field,cfield10@alexa.com,Male,175.120.19.7
38,Parker,Heckner,pheckner11@hubpages.com,Male,158.107.53.65
39,Emma,Rylands,erylands12@answers.com,Female,210.84.87.59
40,Joy,Molyneaux,jmolyneaux13@guardian.co.uk,Female,173.70.151.160
41,Loralyn,Bortolussi,lbortolussi14@woothemes.com,Female,14.194.253.81
42,Mavra,Wilkowski,mwilkowski15@redcross.org,Agender,37.94.113.169
43,Magdalena,Fairbridge,mfairbridge16@naver.com,Female,198.83.61.189
44,Klemens,Mixer,kmixer17@digg.com,Genderqueer,148.201.160.110
45,Olivia,Poyntz,opoyntz18@dot.gov,Genderqueer,212.254.198.105
46,Shane,Livoir,slivoir19@fotki.com,Male,163.40.190.137
47,Kessia,Hanscombe,khanscombe1a@bravesites.com,Female,227.214.186.202
48,Ody,Gamon,ogamon1b@list-manage.com,Male,230.64.44.236
49,Budd,Iczokvitz,biczokvitz1c@hugedomains.com,Male,45.153.214.95
50,Fielding,Minichillo,fminichillo1d@nhs.uk,Male,145.212.78.220
51,Pet,Drewet,pdrewet1e@jugem.jp,Female,178.24.177.130
52,Eduino,Winfred,ewinfred1f@google.ru,Male,160.173.145.204
53,Codi,Robilart,crobilart1g@cnbc.com,Female,90.25.0.166
54,Jedd,Probbin,jprobbin1h@oracle.com,Male,201.236.241.50
55,Kathryne,Wohlers,kwohlers1i@cpanel.net,Female,19.160.187.137
56,Brittni,Scholling,bscholling1j@reverbnation.com,Female,22.90.70.221
57,Jelene,Fuster,jfuster1k@tinyurl.com,Female,53.128.137.161
58,Sarette,Broodes,sbroodes1l@blogs.com,Female,204.241.129.30
59,Davie,Oseman,doseman1m@cornell.edu,Male,36.219.138.36
60,Doro,O'Shevlan,doshevlan1n@infoseek.co.jp,Female,9.228.60.85
61,Priscella,Dubbin,pdubbin1o@globo.com,Female,94.5.231.66
62,Maryjane,Bockmann,mbockmann1p@theglobeandmail.com,Female,127.204.247.24
63,Doralynn,Dowson,ddowson1q@stumbleupon.com,Female,244.21.84.87
64,Orelia,Sitford,ositford1r@ucsd.edu,Polygender,73.24.18.86
65,Geneva,Ironside,gironside1s@house.gov,Female,207.171.136.26
66,Milissent,Cheasman,mcheasman1t@state.tx.us,Female,130.213.110.253
67,Lorne,O'Dyvoy,lodyvoy1u@mapy.cz,Female,37.183.154.62
68,Rowan,Bradford,rbradford1v@moonfruit.com,Male,246.207.136.33
69,Tyler,Colquyte,tcolquyte1w@cdbaby.com,Male,148.230.23.52
70,Joni,Loynes,jloynes1x@ox.ac.uk,Female,166.189.82.142
71,Merrill,Bristowe,mbristowe1y@wikia.com,Male,115.57.223.98
72,Shina,Pitson,spitson1z@list-manage.com,Agender,231.144.249.221
73,Juliette,Ourtic,jourtic20@blinklist.com,Genderfluid,120.135.13.215
74,Orly,Prin,oprin21@merriam-webster.com,Female,84.44.237.113
75,Bobby,MacMearty,bmacmearty22@yellowpages.com,Male,154.144.40.63
76,Casie,Garwell,cgarwell23@cam.ac.uk,Female,166.250.10.68
77,Bradly,Blacksland,bblacksland24@simplemachines.org,Male,250.76.112.117
78,Lon,Trytsman,ltrytsman25@ox.ac.uk,Male,75.109.234.31
79,Doro,Vaudin,dvaudin26@seesaa.net,Female,43.195.113.120
80,Gabbie,Beckinsale,gbeckinsale27@parallels.com,Male,36.99.16.60
81,Rahel,Weight,rweight28@sun.com,Female,141.37.66.174
82,Nahum,Furley,nfurley29@cnbc.com,Male,110.61.157.104
83,Adena,Marcussen,amarcussen2a@yahoo.com,Female,135.216.94.112
84,Trix,Nayer,tnayer2b@hhs.gov,Female,143.90.187.99
85,Modesta,Abadam,mabadam2c@un.org,Genderfluid,109.16.192.102
86,Morty,Lingner,mlingner2d@about.com,Male,154.30.235.242
87,Marmaduke,Minchindon,mminchindon2e@quantcast.com,Male,64.223.124.229
88,Edith,Bellchamber,ebellchamber2f@dropbox.com,Female,92.183.231.222
89,Allie,Mingey,amingey2g@wikipedia.org,Female,155.49.132.172
90,Whitney,Andrewartha,wandrewartha2h@zdnet.com,Male,78.82.86.99
91,Nancie,Bowling,nbowling2i@weebly.com,Female,235.203.129.72
92,Ricard,Wasiela,rwasiela2j@skyrock.com,Male,115.106.78.97
93,Belva,Beese,bbeese2k@prnewswire.com,Female,187.65.119.108
94,Rodrique,Puddan,rpuddan2l@wisc.edu,Male,232.59.231.254
95,Arlan,Zuanelli,azuanelli2m@biblegateway.com,Male,253.100.211.58
96,Rhonda,Stangoe,rstangoe2n@mashable.com,Female,66.156.103.139
97,Martita,Jagger,mjagger2o@163.com,Female,114.133.210.224
98,Norman,Dyett,ndyett2p@tripadvisor.com,Genderfluid,97.208.234.141
99,Celeste,Albarez,calbarez2q@dagondesign.com,Female,46.75.154.43
100,Brnaba,Rickford,brickford2r@nyu.edu,Male,112.147.57.220
1,Donia,Pruce,dpruce0@surveymonkey.com,Female,235.230.154.252
2,Shae,Stopforth,sstopforth1@mapy.cz,Female,90.195.158.131
3,Merrill,Penney,mpenney2@domainmarket.com,Male,132.16.54.89
4,Fidole,Vice,fvice3@blogspot.com,Male,166.243.156.44
5,Benjie,Broadbury,bbroadbury4@arizona.edu,Male,255.134.143.91
6,Herminia,Brumble,hbrumble5@taobao.com,Female,64.76.184.218
7,Alex,Cona,acona6@drupal.org,Female,62.94.249.84
8,Barny,Sheryne,bsheryne7@walmart.com,Male,116.138.246.171
9,Koren,Gilling,kgilling8@jugem.jp,Female,184.132.69.144
10,Haley,Woollaston,hwoollaston9@mac.com,Female,85.112.170.35
11,Feodor,Trengrove,ftrengrovea@ezinearticles.com,Male,147.56.238.181
12,Nellie,Soltan,nsoltanb@cnet.com,Female,39.2.231.186
13,Judy,Lubeck,jlubeckc@elegantthemes.com,Female,204.116.188.248
14,Kennedy,Sainteau,ksainteaud@chron.com,Male,129.77.57.66
15,Sheilah,Zorro,szorroe@huffingtonpost.com,Female,47.134.38.96
16,Margaret,Hailwood,mhailwoodf@noaa.gov,Female,54.190.211.75
17,Hurley,Mantz,hmantzg@soup.io,Male,55.205.107.132
18,Joeann,Kopelman,jkopelmanh@constantcontact.com,Non-binary,44.39.85.219
19,Cissiee,Spohrmann,cspohrmanni@buzzfeed.com,Female,120.123.135.244
20,Ly,McPeeters,lmcpeetersj@ucsd.edu,Male,201.13.212.199
21,Wait,Shane,wshanek@ucla.edu,Male,107.112.96.121
22,Matthew,Lamming,mlammingl@ed.gov,Male,39.115.6.91
23,Grant,Stollenhof,gstollenhofm@miitbeian.gov.cn,Male,226.84.11.7
24,Kristoforo,Dowers,kdowersn@shinystat.com,Male,161.177.180.67
25,Sheridan,Tommaseo,stommaseoo@w3.org,Male,187.107.154.15
26,Gothart,Mumbray,gmumbrayp@telegraph.co.uk,Male,94.158.248.164
27,Nolan,Borchardt,nborchardtq@wufoo.com,Male,105.246.108.29
28,Dulcinea,Brenton,dbrentonr@e-recht24.de,Female,194.27.169.13
29,Alma,Erbain,aerbains@ft.com,Female,159.252.31.146
30,Guido,Teissier,gteissiert@who.int,Male,136.242.144.88
31,Stepha,Stoyle,sstoyleu@delicious.com,Female,64.212.100.167
32,Grenville,Fendlow,gfendlowv@bloomberg.com,Male,151.36.35.129
33,Maxwell,Cowen,mcowenw@vinaora.com,Male,6.93.229.156
34,Ettore,Erlam,eerlamx@spiegel.de,Male,194.147.93.20
35,Sissy,Ducastel,sducastely@cyberchimps.com,Female,16.249.64.94
36,Nev,Bunton,nbuntonz@google.co.jp,Male,6.162.120.82
37,Brena,Langan,blangan10@rambler.ru,Female,167.244.239.42
38,Bekki,Giacomuzzi,bgiacomuzzi11@nps.gov,Female,237.19.17.83
39,Felicio,Beushaw,fbeushaw12@google.ca,Male,2.77.158.227
40,Frasquito,Rimell,frimell13@squidoo.com,Male,17.31.136.29
41,Lazaro,Choupin,lchoupin14@java.com,Male,165.44.150.5
42,Jehu,Screach,jscreach15@topsy.com,Male,57.22.83.221
43,Abramo,Handrahan,ahandrahan16@pinterest.com,Male,33.84.27.187
44,Essy,Sorley,esorley17@sun.com,Female,119.77.70.204
45,Gris,Vinall,gvinall18@csmonitor.com,Male,204.249.192.154
46,Inesita,Banbridge,ibanbridge19@youku.com,Female,100.88.196.30
47,Eamon,Kenealy,ekenealy1a@rediff.com,Male,217.109.19.139
48,Leisha,Lethardy,llethardy1b@github.io,Polygender,37.37.62.103
49,Lucienne,Mackilpatrick,lmackilpatrick1c@home.pl,Female,126.231.95.61
50,Gabriel,Garrish,ggarrish1d@wp.com,Female,240.232.255.59
51,Adan,Rubinfajn,arubinfajn1e@statcounter.com,Polygender,166.167.138.58
52,Nikola,Ritchard,nritchard1f@naver.com,Male,188.189.104.79
53,Codie,Thibodeaux,cthibodeaux1g@toplist.cz,Male,194.221.158.163
54,Gifford,Dransfield,gdransfield1h@youtube.com,Male,122.180.254.26
55,Fonsie,Fidian,ffidian1i@cdbaby.com,Non-binary,240.249.181.104
56,Carson,Adrain,cadrain1j@github.com,Male,101.231.118.231
57,Vidovic,Chupin,vchupin1k@cornell.edu,Male,89.16.19.99
58,Romonda,Chattaway,rchattaway1l@dedecms.com,Polygender,137.177.25.119
59,Emmy,Beauchop,ebeauchop1m@github.com,Male,83.57.184.129
60,Maren,Maier,mmaier1n@microsoft.com,Female,165.4.98.64
61,Dorthy,Manginot,dmanginot1o@lycos.com,Female,157.35.36.137
62,Willis,Brandi,wbrandi1p@ucsd.edu,Male,154.140.6.44
63,Sigrid,Lynock,slynock1q@google.es,Female,120.30.50.189
64,Helsa,Dunkerton,hdunkerton1r@prlog.org,Female,154.5.70.160
65,Wenonah,Humbey,whumbey1s@addtoany.com,Female,80.211.171.0
66,Shawn,Domonkos,sdomonkos1t@dot.gov,Male,54.88.139.80
67,Marcia,Seal,mseal1u@macromedia.com,Female,242.244.217.124
68,Baillie,Ludlem,bludlem1v@smh.com.au,Male,93.47.70.112
69,Chrotoem,Wyld,cwyld1w@hp.com,Male,225.172.18.95
70,Lotte,Sommerlie,lsommerlie1x@tripod.com,Female,217.35.223.16
71,Barry,Billison,bbillison1y@reddit.com,Male,136.65.52.97
72,Siobhan,Leverett,sleverett1z@weather.com,Female,128.208.81.252
73,Alfonso,Ferrettino,aferrettino20@oaic.gov.au,Male,80.209.255.212
74,Silvain,Favell,sfavell21@mysql.com,Male,202.214.208.71
75,Harwilll,Oxborough,hoxborough22@mayoclinic.com,Male,42.161.208.38
76,Christel,Davidovits,cdavidovits23@rambler.ru,Female,151.89.42.47
77,Nanon,Turnpenny,nturnpenny24@godaddy.com,Female,89.167.222.36
78,Delinda,Guiet,dguiet25@ebay.co.uk,Female,196.36.58.50
79,Cash,Ruselin,cruselin26@reference.com,Male,60.187.195.29
80,Cory,Mossbee,cmossbee27@mtv.com,Female,0.192.204.23
81,Dalia,MacGarvey,dmacgarvey28@adobe.com,Female,82.227.237.134
82,Tommie,Regnard,tregnard29@123-reg.co.uk,Male,222.147.134.214
83,Kara-lynn,Keynes,kkeynes2a@theglobeandmail.com,Female,154.174.6.113
84,Josi,Adnett,jadnett2b@netlog.com,Female,138.18.198.5
85,Joelynn,Jevons,jjevons2c@amazon.co.jp,Female,35.192.76.46
86,Ruddie,Orford,rorford2d@livejournal.com,Male,174.243.60.36
87,Ericha,Barkshire,ebarkshire2e@istockphoto.com,Female,140.225.166.67
88,Spence,Irvin,sirvin2f@e-recht24.de,Male,122.77.192.122
89,Darnell,Lever,dlever2g@drupal.org,Male,84.54.65.150
90,Noelle,Jeacock,njeacock2h@tamu.edu,Female,18.125.143.176
91,Xever,Rutter,xrutter2i@statcounter.com,Male,187.210.78.99
92,Shina,Kynsey,skynsey2j@wufoo.com,Female,104.63.110.254
93,Lari,Bermingham,lbermingham2k@soundcloud.com,Female,57.141.157.136
94,Nert,Callar,ncallar2l@nydailynews.com,Female,111.71.228.62
95,Claudelle,Bullimore,cbullimore2m@usgs.gov,Female,88.41.19.7
96,Jessika,Sprakes,jsprakes2n@craigslist.org,Female,37.150.11.140
97,Agnesse,Dakin,adakin2o@craigslist.org,Female,238.192.64.129
98,Zorine,Killiner,zkilliner2p@deviantart.com,Female,130.55.96.250
99,Remy,Peck,rpeck2q@wix.com,Female,117.64.42.32
100,Harry,Prazor,hprazor2r@weather.com,Male,222.224.66.222
1,Letizia,Croneen,lcroneen0@yelp.com,Female,155.177.80.239
2,Royall,Chateau,rchateau1@google.cn,Male,252.17.107.3
3,Theresita,Ducrow,tducrow2@merriam-webster.com,Female,16.150.161.162
4,Parke,Columbell,pcolumbell3@washingtonpost.com,Male,9.224.241.193
5,Doralyn,Seamarke,dseamarke4@berkeley.edu,Non-binary,14.191.73.63
6,Free,Winram,fwinram5@foxnews.com,Male,168.121.62.222
7,Marsiella,Hansmann,mhansmann6@gizmodo.com,Female,159.213.3.188
8,Westbrook,Swithenby,wswithenby7@blinklist.com,Male,157.130.69.145
9,Hollis,Hubbock,hhubbock8@jigsy.com,Male,144.145.249.232
10,Ariella,Jovicevic,ajovicevic9@theatlantic.com,Female,212.156.121.61
11,Moise,Seville,msevillea@smugmug.com,Male,215.28.48.234
12,Russ,Bullan,rbullanb@goo.ne.jp,Non-binary,89.111.249.15
13,Klarrisa,Eacott,keacottc@sogou.com,Female,145.105.236.119
14,Vonni,Demeter,vdemeterd@flavors.me,Female,234.206.23.72
15,Zebedee,Castello,zcastelloe@diigo.com,Male,57.144.237.95
16,Ciel,Scrowton,cscrowtonf@theglobeandmail.com,Female,18.182.101.20
17,Cordelia,Flay,cflayg@techcrunch.com,Female,132.166.204.104
18,Caron,Patington,cpatingtonh@berkeley.edu,Agender,82.241.59.198
19,Kristofer,Baise,kbaisei@altervista.org,Polygender,101.88.120.221
20,Natalee,Pattillo,npattilloj@devhub.com,Female,144.130.231.124
21,Nahum,Mapis,nmapisk@usda.gov,Male,184.193.255.196
22,Georgie,Tyers,gtyersl@forbes.com,Bigender,78.236.226.250
23,Mallory,Bradley,mbradleym@google.co.jp,Male,162.52.28.81
24,Boote,Martell,bmartelln@com.com,Male,62.146.74.152
25,Keeley,Thirwell,kthirwello@stanford.edu,Female,142.216.171.21
26,Garek,Knevet,gknevetp@a8.net,Agender,164.45.227.114
27,Cointon,Yushkov,cyushkovq@artisteer.com,Male,86.185.50.91
28,Mitchell,Allchorn,mallchornr@omniture.com,Male,32.14.6.90
29,Jacinda,Camock,jcamocks@google.it,Female,254.204.255.120
30,Abbey,Montague,amontaguet@networkadvertising.org,Female,247.51.156.147
31,Pearce,Coghlan,pcoghlanu@dailymotion.com,Male,93.30.21.10
32,Garfield,Silman,gsilmanv@about.com,Male,235.52.229.30
33,Augusto,Harsant,aharsantw@alibaba.com,Bigender,239.96.67.142
34,Jethro,Rubens,jrubensx@bbb.org,Male,235.97.156.169
35,Thibaud,De la Zenne,tdelazenney@globo.com,Male,76.147.128.30
36,Raquel,Lightowlers,rlightowlersz@stanford.edu,Female,207.31.246.191
37,Annmarie,Cornborough,acornborough10@e-recht24.de,Female,6.44.152.251
38,Mic,Kincla,mkincla11@gravatar.com,Male,31.156.202.88
39,Brook,Ollcott,bollcott12@tinypic.com,Female,186.255.58.72
40,Webb,Rennie,wrennie13@eepurl.com,Male,25.71.5.45
41,Flinn,Dupey,fdupey14@plala.or.jp,Male,130.141.145.61
42,Claire,Schermick,cschermick15@guardian.co.uk,Male,238.230.77.141
43,Betsy,Scamp,bscamp16@google.pl,Female,201.115.250.34
44,Nessi,Sextone,nsextone17@myspace.com,Female,44.39.28.63
45,Ram,Bootman,rbootman18@flickr.com,Male,231.70.104.241
46,Michel,Rogerson,mrogerson19@printfriendly.com,Female,57.50.3.232
47,Ruggiero,Bouette,rbouette1a@dagondesign.com,Male,171.131.196.146
48,Reinaldos,Varga,rvarga1b@washington.edu,Male,118.119.176.186
49,Aimil,Waples,awaples1c@nsw.gov.au,Female,156.59.50.18
50,Luis,De Bernardis,ldebernardis1d@is.gd,Male,35.119.235.81
51,Jedd,Allot,jallot1e@soundcloud.com,Male,25.39.177.138
52,Mada,Titterton,mtitterton1f@live.com,Female,252.191.115.21
53,Martie,Cristou,mcristou1g@state.gov,Non-binary,125.97.203.211
54,Cassandra,Melwall,cmelwall1h@amazon.co.jp,Female,33.17.135.9
55,Talbert,McDool,tmcdool1i@google.es,Male,228.238.89.72
56,Catarina,Chapelhow,cchapelhow1j@google.pl,Genderqueer,17.156.100.182
57,Dev,Kefford,dkefford1k@wired.com,Male,117.155.65.81
58,Gabriele,Mertgen,gmertgen1l@imdb.com,Male,123.129.161.201
59,Rutherford,Scholte,rscholte1m@exblog.jp,Male,143.49.218.5
60,Ted,Maldin,tmaldin1n@issuu.com,Female,30.170.13.104
61,Kilian,Nairn,knairn1o@myspace.com,Male,32.29.98.182
62,Giorgio,Treverton,gtreverton1p@instagram.com,Male,231.158.174.130
63,Hardy,Gerhartz,hgerhartz1q@blogs.com,Male,10.128.66.216
64,Andie,Abbess,aabbess1r@issuu.com,Male,216.201.188.133
65,Nara,Rimington,nrimington1s@unc.edu,Female,17.71.6.6
66,Randell,Landsbury,rlandsbury1t@photobucket.com,Male,39.0.112.157
67,Linnie,Rhymer,lrhymer1u@nationalgeographic.com,Female,93.135.247.110
68,Barnett,Baskeyfied,bbaskeyfied1v@about.me,Male,198.175.98.62
69,Gunther,Baskerville,gbaskerville1w@cyberchimps.com,Male,13.168.41.119
70,Isaac,Olman,iolman1x@buzzfeed.com,Male,136.102.246.242
71,Morty,Larrie,mlarrie1y@amazonaws.com,Male,212.66.250.107
72,Mallory,Kingzet,mkingzet1z@rediff.com,Male,15.54.78.163
73,Roxanna,Houndsom,rhoundsom20@yolasite.com,Female,172.80.27.54
74,Fabio,Maxstead,fmaxstead21@gmpg.org,Male,151.86.145.14
75,Tammy,Fozard,tfozard22@com.com,Male,204.44.109.225
76,Stefano,Petch,spetch23@xrea.com,Male,54.203.214.22
77,Alvin,Kimbell,akimbell24@zdnet.com,Male,132.26.158.24
78,Vilma,Van Velde,vvanvelde25@wikimedia.org,Female,234.2.55.1
79,Bethena,McIlhone,bmcilhone26@slideshare.net,Bigender,131.173.231.20
80,Euphemia,Syversen,esyversen27@ucla.edu,Female,6.57.39.239
81,Bram,Yurevich,byurevich28@ezinearticles.com,Male,92.74.243.93
82,Stacia,Lendon,slendon29@domainmarket.com,Female,166.66.127.64
83,Samuele,Steedman,ssteedman2a@shutterfly.com,Male,197.108.38.247
84,Ranice,Heatly,rheatly2b@uiuc.edu,Female,139.236.71.168
85,Kaile,Jakaway,kjakaway2c@angelfire.com,Female,152.93.251.87
86,Tarrah,Idiens,tidiens2d@wufoo.com,Female,237.237.49.71
87,Keelby,Steger,ksteger2e@imageshack.us,Bigender,177.170.149.95
88,Paolina,Bee,pbee2f@shinystat.com,Female,58.246.68.45
89,Neilla,Keeton,nkeeton2g@accuweather.com,Female,22.206.140.231
90,Nicolis,Malloch,nmalloch2h@hc360.com,Male,222.39.216.147
91,Archibold,Shortcliffe,ashortcliffe2i@bizjournals.com,Male,73.99.209.75
92,Tiff,Luby,tluby2j@bing.com,Female,9.3.126.49
93,Lusa,Rickwood,lrickwood2k@paypal.com,Genderfluid,85.109.40.188
94,Alphonso,Fitzharris,afitzharris2l@vk.com,Male,210.72.160.42
95,Nichole,Bernadon,nbernadon2m@goo.gl,Agender,250.181.94.61
96,Mercie,Perrett,mperrett2n@ucoz.ru,Non-binary,174.133.160.73
97,Arda,Roswarne,aroswarne2o@digg.com,Female,73.200.86.244
98,Farra,Withur,fwithur2p@microsoft.com,Female,9.238.83.21
99,Jennee,Seatter,jseatter2q@nih.gov,Non-binary,194.187.72.169
100,Wallie,Imore,wimore2r@theatlantic.com,Female,212.197.162.108
1,Vasilis,Evert,vevert0@seattletimes.com,Male,174.12.41.136
2,Pam,Lahiff,plahiff1@flavors.me,Female,4.107.204.83
3,Joice,Mayworth,jmayworth2@bloglines.com,Female,203.242.204.100
4,Jessy,Choulerton,jchoulerton3@irs.gov,Female,110.192.220.116
5,Jennie,Eberdt,jeberdt4@twitter.com,Female,197.142.65.182
6,Delila,Myderscough,dmyderscough5@miitbeian.gov.cn,Genderqueer,179.181.32.245
7,Katinka,Brownlow,kbrownlow6@wordpress.org,Female,244.215.111.135
8,Mirilla,Deport,mdeport7@scientificamerican.com,Female,165.140.9.131
9,Sven,Avrahamov,savrahamov8@vkontakte.ru,Male,189.193.199.163
10,Marquita,Tennant,mtennant9@newyorker.com,Female,129.203.83.160
11,Priscilla,Simmonett,psimmonetta@telegraph.co.uk,Female,35.250.154.105
12,Nonna,Gladdifh,ngladdifhb@issuu.com,Genderqueer,144.181.81.38
13,Paolo,Mackrill,pmackrillc@who.int,Male,97.66.47.98
14,Jerald,Bour,jbourd@mayoclinic.com,Male,176.4.0.96
15,Andonis,Ambrogetti,aambrogettie@cbsnews.com,Male,36.19.8.185
16,Rodrick,Bartak,rbartakf@dell.com,Male,150.144.132.110
17,Demetra,Welburn,dwelburng@independent.co.uk,Female,99.243.12.130
18,Geoffry,Lusher,glusherh@mit.edu,Male,78.213.243.54
19,Hulda,Cornwell,hcornwelli@vinaora.com,Female,228.127.78.167
20,Carling,Giacovetti,cgiacovettij@macromedia.com,Male,158.251.142.64
21,Fredek,Bessant,fbessantk@google.nl,Male,130.36.148.136
22,Maryanne,Ruddoch,mruddochl@gnu.org,Non-binary,47.16.81.61
23,Onofredo,Matuska,omatuskam@disqus.com,Male,64.153.188.77
24,Jaclyn,Kells,jkellsn@washington.edu,Female,60.245.56.142
25,Adrea,Cadwallader,acadwalladero@studiopress.com,Female,155.30.53.205
26,Hyacinthie,Akaster,hakasterp@blogs.com,Non-binary,81.114.154.252
27,Even,Turri,eturriq@biblegateway.com,Male,101.145.74.35
28,Bridie,Mirfin,bmirfinr@123-reg.co.uk,Female,194.218.106.27
29,Hy,Ryde,hrydes@utexas.edu,Male,13.89.49.128
30,Averil,Le Breton De La Vieuville,alebretondelavieuvillet@yahoo.com,Female,115.86.166.202
31,Chery,Comrie,ccomrieu@51.la,Female,118.197.43.106
32,Kelsi,Kittow,kkittowv@amazon.co.jp,Female,60.95.148.193
33,Jaye,Polleye,jpolleyew@cnet.com,Male,254.223.112.42
34,Johny,Barthot,jbarthotx@time.com,Male,40.236.114.116
35,Jodi,Pane,jpaney@ebay.com,Male,187.43.76.118
36,Dag,Fridd,dfriddz@dell.com,Male,91.95.169.134
37,Rachel,Damiral,rdamiral10@cisco.com,Female,228.170.71.167
38,Shirleen,Lautie,slautie11@gravatar.com,Female,179.201.49.233
39,Jefferson,O'Coskerry,jocoskerry12@google.nl,Male,207.210.150.139
40,Alexis,Swaile,aswaile13@istockphoto.com,Female,11.40.20.98
41,Amitie,Kilpatrick,akilpatrick14@plala.or.jp,Female,20.76.176.19
42,Prentiss,Finlan,pfinlan15@youku.com,Male,97.187.157.62
43,Josy,Claridge,jclaridge16@ucsd.edu,Agender,237.53.197.119
44,Abran,Toynbee,atoynbee17@census.gov,Genderqueer,50.92.201.25
45,Frank,Kesten,fkesten18@drupal.org,Agender,111.186.150.105
46,Allistir,Cribbin,acribbin19@networksolutions.com,Bigender,82.195.143.115
47,Tarra,Schlagh,tschlagh1a@aol.com,Non-binary,128.181.44.149
48,Any,Cawcutt,acawcutt1b@bloglovin.com,Polygender,117.86.124.112
49,Ancell,Van der Krui,avanderkrui1c@answers.com,Male,171.85.244.140
50,Aidan,Hiddy,ahiddy1d@wikia.com,Female,137.85.129.47
51,Shalna,Dowle,sdowle1e@yellowpages.com,Agender,246.204.23.124
52,Lyle,De Benedictis,ldebenedictis1f@whitehouse.gov,Male,238.200.114.40
53,Batsheva,Bordiss,bbordiss1g@cisco.com,Female,55.59.158.122
54,Gianna,Rasper,grasper1h@posterous.com,Female,238.235.9.218
55,Jessy,Blaksley,jblaksley1i@cloudflare.com,Female,240.18.144.100
56,Gaelan,Jonke,gjonke1j@nba.com,Male,76.159.145.104
57,Catlin,Pashler,cpashler1k@studiopress.com,Female,218.62.11.209
58,Eden,Adney,eadney1l@senate.gov,Female,228.231.108.235
59,Mead,Kubicki,mkubicki1m@ocn.ne.jp,Male,226.201.189.44
60,Ray,Arckoll,rarckoll1n@example.com,Female,191.1.125.221
61,Lida,Bellew,lbellew1o@ca.gov,Female,243.181.23.189
62,Wendell,Gianolo,wgianolo1p@oaic.gov.au,Male,58.208.213.74
63,Monah,Petti,mpetti1q@dailymail.co.uk,Female,200.39.105.59
64,Jamima,Tremellan,jtremellan1r@nhs.uk,Female,199.26.159.20
65,Nikolaos,Acory,nacory1s@miitbeian.gov.cn,Male,160.135.139.199
66,Dalston,Yeoland,dyeoland1t@si.edu,Male,147.149.222.170
67,Zelma,Ricioppo,zricioppo1u@yelp.com,Female,11.79.121.129
68,Sadie,Sudddard,ssudddard1v@arstechnica.com,Female,218.118.199.122
69,Laurene,Pateman,lpateman1w@eventbrite.com,Non-binary,235.218.143.230
70,Saleem,Noble,snoble1x@nba.com,Male,115.85.157.173
71,Claresta,Brotherhood,cbrotherhood1y@army.mil,Female,206.109.196.166
72,Lizbeth,Challener,lchallener1z@w3.org,Female,149.236.190.19
73,Gabrila,Jervoise,gjervoise20@amazon.co.jp,Female,129.64.137.244
74,Yetty,D'Ambrosi,ydambrosi21@printfriendly.com,Female,12.233.97.87
75,Hank,Garard,hgarard22@networkadvertising.org,Male,221.236.158.4
76,Morgan,Seabourne,mseabourne23@fda.gov,Male,53.194.250.207
77,Cristiano,Ortler,cortler24@rediff.com,Male,197.221.158.58
78,Celia,Illiston,cilliston25@so-net.ne.jp,Female,90.15.210.180
79,Andonis,Templman,atemplman26@networkadvertising.org,Male,87.25.74.175
80,Emmalynn,Hammersley,ehammersley27@nyu.edu,Female,42.31.4.146
81,Tome,McMenamy,tmcmenamy28@cam.ac.uk,Male,180.188.10.38
82,Silvan,Archdeacon,sarchdeacon29@state.tx.us,Male,98.44.215.91
83,Ellsworth,Colbridge,ecolbridge2a@state.tx.us,Male,3.6.138.47
84,Edmund,Tine,etine2b@cbsnews.com,Male,112.208.177.121
85,Demott,Reedman,dreedman2c@fda.gov,Male,241.131.127.61
86,Reina,Ellacombe,rellacombe2d@rambler.ru,Female,153.222.149.44
87,Veronike,Alcock,valcock2e@goo.ne.jp,Female,194.38.203.187
88,Dudley,Marke,dmarke2f@g.co,Male,215.91.39.164
89,Mattias,Harder,mharder2g@mozilla.com,Male,1.112.222.17
90,Rivy,Sparling,rsparling2h@slashdot.org,Female,189.161.250.213
91,Deonne,Verrechia,dverrechia2i@issuu.com,Female,183.223.56.27
92,Jermain,Hollingdale,jhollingdale2j@timesonline.co.uk,Male,142.172.109.208
93,Janos,Biskup,jbiskup2k@pagesperso-orange.fr,Male,36.151.11.146
94,Vinita,Renzo,vrenzo2l@rediff.com,Female,204.116.246.218
95,Dewitt,Vosper,dvosper2m@ebay.co.uk,Male,47.87.17.64
96,Josee,Crosskell,jcrosskell2n@bbc.co.uk,Female,105.238.115.7
97,Hailee,Burgwin,hburgwin2o@patch.com,Female,160.44.132.133
98,Aloisia,Willingale,awillingale2p@amazon.de,Agender,169.172.227.117
99,Juliette,Ashbey,jashbey2q@webmd.com,Female,106.251.128.109
100,Stefanie,Jeandeau,sjeandeau2r@spotify.com,Female,186.111.163.171
